Plant_ID,Common_Name_EN,Common_Name_FR,Arabic_Name,Amazigh_Name,Latin_Name,Family,Parts_Used,Preparation_Forms,Traditional_Uses,Culinary_Uses,Ritual_or_Domestic_Uses,Region_In_Morocco,Habitat,Seasonality,Market_Name_or_Form,Taste_Aroma_Profile,Substitutions_or_Confusions,Cautions,Sources_Notes,SVG_Filename
HERB_001,Spearmint,Menthe verte,نعناع (Naanaa),ⵍⵉⵇⴰⵎⴰ (Liqama),Mentha spicata,Lamiaceae,Leaves,Fresh; dried; infusion,Traditionally used in household practice for digestive comfort and general refreshment after meals,Essential in Moroccan mint tea; added fresh to salads and cooked dishes,Fresh bundles kept in homes for their scent and as a symbol of hospitality,Widespread; Marrakech plains; Fes; Meknes,Cultivated in gardens and farms; requires regular watering,Year-round; peak spring and summer,Fresh bundles; dried leaves,Cool; sweet; aromatic; slightly peppery,Often confused with peppermint (Mentha piperita) which is stronger,Generally considered safe in culinary amounts; concentrated preparations may cause discomfort in some individuals,Ubiquitous in Moroccan daily life; documented in North African ethnobotany,herb_001_spearmint.svg
HERB_002,Thyme,Thym,زعتر (Zaatar),ⴰⵣⵓⴽⵏⵉ (Azukni),Thymus vulgaris,Lamiaceae,Leaves; flowering tops,Dried; infusion; fumigation,Traditionally prepared as an infusion for respiratory and digestive comfort in winter months,Used in tagines; marinades; bread seasoning,Dried bundles burned for aromatic fumigation in households,High Atlas; Rif; Anti-Atlas; Oriental,Wild on rocky slopes and dry hillsides,Spring and summer harvest; available dried year-round,Dried bundles; loose dried leaves,Warm; pungent; slightly bitter; aromatic,Wild Moroccan thyme varies from cultivated European varieties; sometimes mixed with oregano,Avoid large quantities during pregnancy; may irritate sensitive skin in concentrated form,Widely gathered from wild slopes; common in Moroccan herbal shops,herb_002_thyme.svg
HERB_003,Rosemary,Romarin,أزير (Azir),ⴰⵣⵉⵔ (Azir),Salvia rosmarinus,Lamiaceae,Leaves; stems,Fresh; dried; infusion; oil,Used in traditional household practice for general invigoration and as a hair rinse,Flavors grilled meats; added to bread; used in marinades,Sprigs placed in cupboards and storage areas,High Atlas; Rif; Middle Atlas; coastal regions,Wild on dry hillsides; cultivated in gardens,Year-round; best spring harvest,Fresh sprigs; dried bundles; hydrosol,Piney; camphoraceous; slightly bitter,Sometimes confused with lavender at a distance; distinct when smelled,Avoid therapeutic doses during pregnancy; not for those with seizure disorders,Common wild plant in Moroccan mountains; widely used,herb_003_rosemary.svg
HERB_004,Sage,Sauge,سالمية (Salmiya),ⵜⴰⵙⴰⵍⵎⵉⵜ (Tasalmit),Salvia officinalis,Lamiaceae,Leaves,Dried; infusion,Traditionally used for oral care and as a household infusion for general comfort,Occasionally used in meat dishes,Infusion used as a mouth rinse,Middle Atlas; High Atlas; Rif,Dry rocky slopes; cultivated,Spring and summer,Dried leaves; sometimes bundled,Strongly aromatic; slightly bitter; warm,May be confused with other Salvia species,Avoid during pregnancy and breastfeeding; not for prolonged daily use,Documented in Mediterranean and North African herbal traditions,herb_004_sage.svg
HERB_005,Oregano,Origan,زعتر بلدي (Zaatar baldi),ⴰⵣⵓⴽⵏⵉ ⵏ ⵜⵎⴰⵣⵉⵖⵜ,Origanum vulgare,Lamiaceae,Leaves; flowering tops,Dried; infusion,Used traditionally for digestive comfort and as a warming preparation,Seasoning for meat; kefta; grilled vegetables,Dried bundles kept in kitchens,Rif; Middle Atlas; Oriental,Wild on hillsides; prefers limestone,Summer harvest,Dried loose or bundled,Warm; peppery; slightly bitter,Often sold interchangeably with thyme under zaatar name,Generally safe; avoid concentrated oil during pregnancy,Common in northern Morocco; overlaps with thyme usage,herb_005_oregano.svg
HERB_006,Chamomile,Camomille,بابونج (Babounej),ⵜⵉⴼⵉⵍⵜ (Tifilt),Matricaria chamomilla,Asteraceae,Flower heads,Dried; infusion,Widely used household infusion for calming and digestive ease; given to children,Occasionally in desserts,Hair rinse for lightening; eye compresses,Gharb; Doukkala; Chaouia plains,Fields and disturbed ground,Spring flowering; dried available year-round,Dried flower heads,Sweet; apple-like; slightly bitter,German vs Roman chamomile sometimes confused; effects similar,Rare allergies in those sensitive to Asteraceae family,One of the most common household infusions in Morocco,herb_006_chamomile.svg
HERB_007,Wormwood,Absinthe,شيبة (Shiba),ⵜⵉⵛⵉⴱⵜ (Tichibt),Artemisia absinthium,Asteraceae,Leaves; flowering tops,Dried; infusion (small amounts),Traditionally used in very small quantities for digestive bitters and as a vermifuge,Not culinary; extremely bitter,Bundles hung to repel insects,High Atlas; Middle Atlas; Anti-Atlas,Dry rocky areas; roadsides,Summer harvest,Dried bundles; loose dried herb,Intensely bitter; aromatic; pungent,Confused with other Artemisia species locally,STRONG CAUTION: Toxic in large doses; never during pregnancy; not for children; not for prolonged use; thujone content requires extreme moderation,Well-documented bitter herb; requires knowledgeable use,herb_007_wormwood.svg
HERB_008,Rue,Rue,فيجل (Fijel),ⴼⵉⵊⵍ (Fijl),Ruta graveolens,Rutaceae,Leaves,Fresh; dried; fumigation,Used traditionally in protective and cleansing household practices; rarely ingested,Not culinary,Burned or hung for household protection rituals; associated with warding,Widespread; urban and rural,Gardens; disturbed areas; cultivated,Year-round,Fresh sprigs; dried bundles,Strong; unpleasant; acrid,Sometimes confused with other bitter herbs,STRONG CAUTION: Toxic if ingested in quantity; causes severe skin photosensitivity; NEVER during pregnancy (abortifacient); handle with care,Used primarily for ritual purposes; ingestion strongly discouraged,herb_008_rue.svg
HERB_009,Fennel,Fenouil,نافع / بسباس (Nafaa / Besbas),ⴱⴻⵙⴱⴰⵙ (Besbas),Foeniculum vulgare,Apiaceae,Seeds; leaves; bulb,Seeds dried; infusion; fresh bulb,Seed infusion traditionally used for digestive comfort; associated with nursing mothers,Seeds in bread and pastries; bulb eaten raw or cooked,Given to new mothers; seeds chewed after meals,Gharb; Saïss; coastal plains,Fields; roadsides; cultivated,Seeds harvested late summer,Dried seeds (whole or ground),Sweet; anise-like; warm,Confused with anise seeds which are smaller,Generally safe; avoid concentrated preparations during pregnancy due to estrogenic compounds,Extremely common digestive herb in Moroccan households,herb_009_fennel.svg
HERB_010,Anise,Anis vert,حبة حلوة (Habba hlawa),ⵃⴰⴱⴱⴰ ⵜⴰⵣⴷⴷⴰⵏⵜ,Pimpinella anisum,Apiaceae,Seeds,Dried seeds; infusion,Used in traditional practice for digestive comfort and as a soothing preparation,Flavoring for cookies; breads; some beverages,Given to fussy infants (in very weak infusions by grandmothers),Fes-Meknes; Gharb; imported,Cultivated; often imported,Dried available year-round,Whole or ground seeds,Sweet; licorice-like; aromatic,Confused with fennel seeds; star anise is different plant entirely,Safe in culinary amounts; avoid therapeutic doses during pregnancy,Staple in Moroccan pantries and herbal shops,herb_010_anise.svg
HERB_011,Cumin,Cumin,كمون (Kamoun),ⵜⴰⴽⴰⵎⵓⵏⵜ (Takamunt),Cuminum cyminum,Apiaceae,Seeds,Whole; ground,Used traditionally for digestive comfort; considered warming,Essential spice in tagines; kefta; soups; harira,Part of spice blends for special occasions,Widespread use; some cultivation in eastern Morocco,Cultivated; often imported,Year-round,Whole seeds; ground powder,Warm; earthy; slightly bitter; pungent,Easily confused with caraway by non-locals,Generally safe; some may find it irritating in large amounts,Foundational Moroccan spice,herb_011_cumin.svg
HERB_012,Coriander,Coriandre,قزبر (Kosbor),ⵜⴰⵇⵣⴱⵔⵜ (Taqezburt),Coriandrum sativum,Apiaceae,Fresh leaves; dried seeds,Fresh; dried seeds whole or ground,Seeds traditionally used for digestive comfort; leaves as fresh herb,Fresh leaves in salads; chermoula; tagines; seeds in spice blends,Ubiquitous in Moroccan cooking,Cultivated throughout Morocco,Fresh year-round; seeds dried,Fresh bunches; dried seeds,Leaves: bright and citrusy; Seeds: warm and nutty,Leaf taste is divisive; seeds taste completely different,Generally safe; some have genetic aversion to leaf taste,One of the most used fresh herbs in Moroccan cuisine,herb_012_coriander.svg
HERB_013,Caraway,Carvi,كروية (Karwiya),ⵜⴰⴽⴰⵔⵡⵉⵜ (Takrawit),Carum carvi,Apiaceae,Seeds,Whole; ground; infusion,Traditionally used for digestive comfort especially after heavy meals,In bread; pastries; some meat dishes,Associated with postpartum recovery,Middle Atlas; High Atlas; some plains,Cultivated; also imported,Seeds available year-round,Whole or ground seeds,Warm; slightly sweet; anise-adjacent,Easily confused with cumin by appearance,Generally safe in culinary use,Common digestive spice in Moroccan tradition,herb_013_caraway.svg
HERB_014,Fenugreek,Fenugrec,حلبة (Helba),ⵜⵉⴼⵉⴷⴰⵙ (Tifidas),Trigonella foenum-graecum,Fabaceae,Seeds,Whole; ground; soaked; sprouted,Traditionally associated with appetite and postpartum recovery; used as a warming preparation,Added to some spice blends; Rfissa dish,Given to new mothers; associated with lactation support,Fes; Meknes; cultivated widely,Cultivated,Year-round,Whole seeds; ground powder,Bitter; maple-like when cooked; pungent raw,Distinctive smell; hard to confuse,May lower blood sugar; avoid during pregnancy; causes body odor with heavy use,Important traditional herb especially for new mothers,herb_014_fenugreek.svg
HERB_015,Nigella,Nigelle,حبة سوداء / سانوج (Habba sawda / Sanouj),ⵙⴰⵏⵓⵊ (Sanuj),Nigella sativa,Ranunculaceae,Seeds,Whole; ground; oil,Widely used in traditional practice as a general strengthening preparation,Sprinkled on bread; in some pastries,Highly regarded in religious and cultural tradition,Widespread use; some local cultivation,Cultivated; often imported,Year-round,Whole seeds; cold-pressed oil,Slightly bitter; peppery; oregano-like,Distinct appearance; sometimes adulterated with other black seeds,Generally safe; avoid very large doses during pregnancy,Considered one of the most valued traditional seeds,herb_015_nigella.svg
HERB_016,Ginger,Gingembre,سكنجبير (Skenjbir),ⵙⴽⴻⵏⵊⴱⵉⵔ (Skenjbir),Zingiber officinale,Zingiberaceae,Rhizome,Fresh; dried; ground,Traditionally used for digestive comfort; considered warming in cold weather,In tagines; sweets; beverages; preserved in honey,Added to warming winter preparations,Imported; widely available,Tropical cultivation; imported to Morocco,Year-round,Fresh root; dried ground powder,Spicy; warm; pungent; slightly sweet,Fresh and dried have different intensity; quality varies,May interact with blood thinners; avoid large amounts with gallstones,Staple warming spice in Moroccan households,herb_016_ginger.svg
HERB_017,Turmeric,Curcuma,خرقوم (Kharkoum),ⵅⴰⵔⵇⵓⵎ (Kharqum),Curcuma longa,Zingiberaceae,Rhizome,Dried; ground,Used traditionally for its coloring and as part of warming preparations,Coloring agent in some dishes; part of ras el hanout,Used in some traditional beauty preparations,Imported,Tropical; imported,Year-round,Ground powder,Earthy; slightly bitter; warm,Sometimes adulterated with cheaper colorants,Avoid therapeutic doses with gallbladder issues; stains everything,Common spice though less central than in South Asian cuisine,herb_017_turmeric.svg
HERB_018,Cinnamon,Cannelle,قرفة (Kerfa),ⵜⴰⵇⵔⴼⴰ (Taqerfa),Cinnamomum verum,Lauraceae,Bark,Sticks; ground,Traditionally used as a warming preparation; considered comforting,In pastries; tagines; beverages; bastilla,Associated with hospitality and celebrations,Imported; essential staple,Tropical tree; imported,Year-round,Sticks; ground powder,Sweet; warm; spicy; aromatic,Ceylon vs Cassia cinnamon often mixed; Cassia more common,Cassia contains coumarin; avoid large daily doses long-term especially with liver issues,Essential Moroccan spice for sweet and savory dishes,herb_018_cinnamon.svg
HERB_019,Lavender,Lavande,خزامى (Khzama),ⵜⵉⵣⵔⵣⴰⵢⵜ (Tizerzayt),Lavandula angustifolia,Lamiaceae,Flowers; stems,Dried; infusion; hydrosol; oil,Traditionally used for calming purposes and general relaxation,Rarely culinary in Morocco,Dried bundles for scent; hydrosol for household use,High Atlas; Rif; Middle Atlas; Khemisset region,Wild on mountain slopes; some cultivation,Summer flowering,Dried flower bundles; hydrosol (maazhar),Floral; sweet; slightly camphoraceous,Several lavender species exist; wild Moroccan varieties aromatic,Generally safe; avoid ingesting essential oil; may cause drowsiness,Abundant wild plant; important for distillation industry,herb_019_lavender.svg
HERB_020,Lemon Verbena,Verveine citronnelle,لويزة (Louiza),ⵍⵡⵉⵣⴰ (Lwiza),Aloysia citrodora,Verbenaceae,Leaves,Fresh; dried; infusion,Very popular calming infusion; traditionally used for digestive and nervous comfort,Occasionally in desserts,Evening tea ritual; offered to guests,Marrakech; Fes; cultivated in gardens,Garden plant; requires watering,Spring through fall; dried available year-round,Fresh or dried leaves,Intensely lemony; fresh; aromatic,Not the same as regular verbena (Verbena officinalis),Generally safe; very popular household herb,One of the most beloved Moroccan tisane herbs,herb_020_verbena.svg
HERB_021,Pennyroyal,Pouliot,فليو (Fliou),ⴼⵍⵉⵢⵢⵓ (Fliyyu),Mentha pulegium,Lamiaceae,Leaves,Fresh; dried; infusion,Traditionally used for digestive comfort and as a warming winter preparation,Added to some regional dishes,Common winter household infusion,High Atlas; Middle Atlas; Rif; widespread,Wet areas; stream banks; gardens,Spring through fall,Fresh or dried bundles,Strongly minty; pungent; medicinal,Confused with other mints but distinctive smell,CAUTION: Toxic in large amounts or as essential oil; NEVER during pregnancy (abortifacient); not for children; use only in moderate infusion,Popular but requires moderation; not for therapeutic doses,herb_021_pennyroyal.svg
HERB_022,Marjoram,Marjolaine,مرددوش (Merdedouch),ⵎⴻⵔⴷⴻⴷⵓⵛ (Merdedouch),Origanum majorana,Lamiaceae,Leaves,Fresh; dried; infusion,Traditionally used for calming and digestive purposes,In some meat dishes and spice blends,Gentle household infusion,Rif; Middle Atlas; northern regions,Dry slopes; cultivated,Summer harvest,Dried leaves,Sweeter and milder than oregano; floral,Confused with oregano though milder,Generally safe; avoid concentrated oil during pregnancy,Common gentle herb in northern Morocco,herb_022_marjoram.svg
HERB_023,Henna,Henné,حناء (Henna),ⴰⵏⵏⴰ (Anna),Lawsonia inermis,Lythraceae,Leaves,Dried; powdered; paste,Traditionally used topically for hair and skin; associated with cooling properties,Not culinary,Central to celebrations; weddings; religious occasions; weekly hair care,Souss; Draa; southern oases,Cultivated in hot dry regions,Harvest in hot months,Dried powdered leaves,Earthy; grassy; slightly bitter smell,Pure henna vs adulterated products (black henna contains PPD),Pure henna generally safe topically; NEVER use black henna (causes severe reactions); not for internal use,Deeply embedded in Moroccan material culture,herb_023_henna.svg
HERB_024,Myrtle,Myrte,ريحان (Rihan),ⵜⴰⵔⵉⵃⴰⵏⵜ (Tarihant),Myrtus communis,Myrtaceae,Leaves; berries,Dried leaves; hydrosol; berries,Leaf infusion traditionally used for respiratory comfort; berries edible,Berries occasionally in dishes,Hydrosol used in households; aromatic,Rif; northern coastal areas,Coastal scrubland; maquis,Year-round leaves; berries in fall,Dried leaves; hydrosol,Aromatic; slightly eucalyptus-like; fresh,Name Rihan sometimes confused with basil,Generally safe in moderate use,Common aromatic shrub in northern Morocco,herb_024_myrtle.svg
HERB_025,Eucalyptus,Eucalyptus,كاليتوس (Kalitus),ⴽⴰⵍⵉⵜⵓⵙ (Kalitus),Eucalyptus globulus,Myrtaceae,Leaves,Dried; steam inhalation; infusion,Traditionally used for respiratory comfort especially in winter; steam inhalation common,Not culinary,Leaves added to steam baths; sick rooms,Introduced; planted widely; Gharb; northern plains,Planted in groves; naturalized,Year-round,Dried leaves; sometimes essential oil,Strong; camphoraceous; clearing,Several Eucalyptus species exist,Not for internal use in large amounts; keep oil away from face of infants and children,Introduced tree now common; leaves widely sold,herb_025_eucalyptus.svg
HERB_026,Argan,Arganier,أركان (Argan),ⴰⵔⴳⴰⵏ (Argan),Argania spinosa,Sapotaceae,Nuts (kernels),Cold-pressed oil,Oil traditionally used topically for skin and hair; culinary oil different preparation,Culinary oil (roasted) for amlou and dipping,Cosmetic oil for hair and skin care,Souss-Massa; Anti-Atlas; endemic,Endemic to southwest Morocco; UNESCO biosphere,Fruit in summer; oil year-round,Culinary oil; cosmetic oil; amlou paste,Culinary: nutty and roasted; Cosmetic: mild and nutty,Cosmetic vs culinary oil are different; adulteration common,Nut allergies possible; ensure oil is authentic,Iconic Moroccan endemic; important culturally and economically,herb_026_argan.svg
HERB_027,Prickly Pear,Figuier de Barbarie,هندية (Hendiya),ⴰⴽⵏⴰⵔⵉ (Aknari),Opuntia ficus-indica,Cactaceae,Fruit; pads; seeds,Fresh fruit; seed oil; pads,Fruit eaten fresh; seed oil used topically for skin,Fruit eaten fresh; pads occasionally cooked,Seed oil for cosmetic use,Widespread; Haouz; Doukkala; everywhere,Naturalized; dry areas; hedges,Summer fruit,Fresh fruit; seed oil,Fruit: sweet and mild; Seeds: oil is very light,Distinguish from ornamental cacti,Handle with care due to small spines (glochids); fruit laxative if eaten excessively,Ubiquitous introduced plant now naturalized,herb_027_prickly_pear.svg
HERB_028,Saffron,Safran,زعفران (Zaafaran),ⵣⴰⵄⴼⵔⴰⵏ (Zaafran),Crocus sativus,Iridaceae,Stigmas,Dried threads; infusion,Traditionally considered strengthening and warming; used for mood,Coloring and flavoring rice; tagines; desserts; tea,Highly valued; associated with special occasions,Taliouine; Taznakht; High Atlas,Cultivated at altitude,November harvest,Dried threads (very expensive),Honey-like; hay-like; slightly bitter; complex,Often adulterated with safflower; turmeric; or dyed threads,Expensive authentic saffron is safe; avoid large quantities during pregnancy,Famous Moroccan product from Taliouine region,herb_028_saffron.svg
HERB_029,Orange Blossom,Fleur d'oranger,زهر (Zhar),ⵜⴰⵣⵀⵔⵜ (Tazhert),Citrus × aurantium,Rutaceae,Flowers,Hydrosol (distilled water); dried,Hydrosol traditionally used for calming and digestive comfort; flavoring,Flavoring for pastries; cookies; beverages; salads,Added to water for guests; used in beauty care,Fes; Marrakech; Gharb; orange-growing regions,Bitter orange trees cultivated,Spring flowering,Hydrosol (maazhar); dried flowers,Intensely floral; sweet; calming,Ensure food-grade hydrosol not perfume quality,Generally safe; hydrosol widely used,Essential flavoring in Moroccan cuisine and hospitality,herb_029_orange_blossom.svg
HERB_030,Rose,Rose,ورد (Ward),ⵜⴰⵡⵔⴷⴰ (Tawrda),Rosa × damascena,Rosaceae,Petals,Dried; hydrosol; infusion,Hydrosol traditionally used for calming and as a gentle tonic; topical for skin,Flavoring desserts; added to some dishes,Hydrosol for face and hospitality; petals at celebrations,Kelaat M'Gouna (Dades Valley); Tinghir,Cultivated in Dades Valley,May harvest (moussem),Dried petals; hydrosol; rose water,Intensely floral; sweet; complex,Quality varies widely; synthetic additives common,Generally safe; ensure authentic product,Important Moroccan product; famous rose festival,herb_030_rose.svg
HERB_031,Geranium,Géranium rosat,عطرشة (Aatarsha),ⵜⴰⵄⴻⵜⵔⵓⵛⵜ (Taatroucht),Pelargonium graveolens,Geraniaceae,Leaves,Fresh; dried; distilled,Traditionally used for calming; aromatic household plant,Not typically culinary in Morocco,Leaves rubbed for scent; pot plant in homes,Marrakech; Fes; urban gardens,Garden plant,Year-round,Fresh leaves; sometimes hydrosol,Rose-like; fresh; green; slightly minty,Scented geranium vs common geranium,Generally safe for topical and aromatic use,Popular aromatic garden plant,herb_031_geranium.svg
HERB_032,Clove,Clou de girofle,قرنفل (Qronfel),ⵇⵔⵓⵏⴼⵍ (Qronfl),Syzygium aromaticum,Myrtaceae,Flower buds,Whole; ground,Traditionally used for oral discomfort (chewed); warming preparation,In desserts; tagines; spice blends,Chewed for mouth freshness; warming winter preparations,Imported,Tropical; imported,Year-round,Whole dried buds; ground,Intensely warm; slightly numbing; aromatic,Authentic vs old stale cloves (should be oily),Generally safe in culinary use; clove oil can burn mucous membranes; avoid large amounts,Common imported spice in Moroccan pantries,herb_032_clove.svg
HERB_033,Cardamom,Cardamome,قعقولة (Qaaqoula),ⵇⴰⵄⵇⵓⵍⴰ (Qaaqula),Elettaria cardamomum,Zingiberaceae,Pods; seeds,Whole pods; ground,Used in warming preparations,In tea; coffee; some desserts; part of spice blends,Added to coffee for hospitality,Imported,Tropical; imported,Year-round,Whole green pods; ground,Floral; citrusy; warm; complex,Green vs black cardamom are different,Generally safe in culinary use,Valued spice though imported,herb_033_cardamom.svg
HERB_034,Bay Leaf,Laurier,ورقة سيدنا موسى (Warqa Sidna Moussa),ⵜⴰⵡⵔⵉⵇⵜ ⵏ ⵙⵉⴷⵏⴰ ⵎⵓⵙⴰ,Laurus nobilis,Lauraceae,Leaves,Dried,Not traditionally prominent in Moroccan herbal practice; mainly culinary,Added to some tagines and stews,Leaves sometimes kept in storage areas,Imported; some cultivation,Mediterranean; some local cultivation,Year-round,Dried leaves,Aromatic; slightly bitter; herbal,California bay vs true bay laurel,Remove from dishes before serving; old leaves lose aroma,Used in cooking; less prominent than in European cuisine,herb_034_bay_leaf.svg
HERB_035,Black Pepper,Poivre noir,إبزار (Lebzar),ⵉⴱⵣⴰⵔ (Ibzar),Piper nigrum,Piperaceae,Dried fruit,Whole; ground,Considered warming in traditional practice,Essential seasoning in almost all savory dishes,Ground fresh at table,Imported,Tropical vine; imported,Year-round,Whole peppercorns; ground,Sharp; pungent; warm; biting,White and green pepper are same plant different processing,Generally safe; may irritate in very large amounts,Foundational spice in Moroccan cooking,herb_035_black_pepper.svg
HERB_036,Sesame,Sésame,جنجلان (Jenjlan),ⵊⴻⵏⵊⵍⴰⵏ (Jenjlan),Sesamum indicum,Pedaliaceae,Seeds,Whole; ground; oil,Seeds traditionally considered nourishing and strengthening,On breads; in pastries; tahini; oil for cooking,Seeds in festive breads and celebrations,Some local cultivation; imported,Cultivated; also imported,Year-round,Whole seeds (white and black); oil,Nutty; rich; mild,White vs black sesame (black more intense),Sesame allergy exists; oil can go rancid,Common ingredient in Moroccan baking,herb_036_sesame.svg
HERB_037,Olive,Olivier,زيتون (Zitoun),ⵜⴰⵣⵉⵜⵓⵏⵜ (Tazitount),Olea europaea,Oleaceae,Fruit; leaves; oil,Pressed oil; cured olives; leaf infusion,Leaf infusion traditionally used for general wellness; oil applied topically,Central to Moroccan cuisine; oil and table olives,Olive oil for cooking; lamps; soap making,Meknes; Fes; Marrakech plains; widespread,Cultivated widely; ancient groves,Fall harvest,Table olives; extra virgin oil; refined oil,Oil: fruity and peppery; Olives: briny and rich,Many local varieties exist,Generally safe; fresh oil best quality,One of the most important Moroccan agricultural products,herb_037_olive.svg
HERB_038,Aloe Vera,Aloès,صبار (Sabbar),ⵜⴰⵙⴻⴱⴱⴰⵔⵜ (Tasebbart),Aloe vera,Asphodelaceae,Leaves (gel),Fresh gel,Gel traditionally applied topically for skin comfort and minor irritations,Not culinary,Household plant for burns and skin care,Cultivated; Souss; coastal areas,Garden plant; naturalized in south,Year-round,Fresh leaves; commercial gel,Gel is cooling and slightly bitter,Aloe vera vs Aloe ferox vs other aloes,Gel generally safe topically; latex (yellow layer) is a strong laxative—avoid internal use; may cause skin sensitivity in some,Common household plant for topical use,herb_038_aloe.svg
HERB_039,Harmel,Harmel,حرمل (Harmel),ⴰⵃⴻⵔⵎⴰⵍ (Ahermal),Peganum harmala,Nitrariaceae,Seeds,Dried seeds; fumigation,Traditionally used ONLY for fumigation and ritual purposes; NOT for ingestion,NOT culinary,Burned for protective fumigation; smoke for households,Widespread in arid areas,Dry waste ground; roadsides; desert edges,Seeds in late summer,Dried seeds,Acrid; unpleasant smoke,Distinctive appearance,EXTREMELY TOXIC: Contains harmine and harmaline; causes hallucinations; seizures; potentially fatal; NEVER ingest; NEVER during pregnancy; only for fumigation outdoors,Used strictly for ritual fumigation; dangerous if misused,herb_039_harmel.svg
HERB_040,Khella,Khella,خلة (Khella),ⵜⴰⵅⴻⵍⵍⴰ (Takhella),Ammi visnaga,Apiaceae,Seeds; flower heads,Dried seeds,Traditionally associated with urinary and respiratory comfort in folk practice,Not culinary,Historical use in traditional practice,Gharb; northern plains,Fields; waste ground,Summer,Dried flower heads and seeds,Slightly bitter; aromatic,May be confused with other Apiaceae,Use only under knowledgeable guidance; may interact with heart medications; causes photosensitivity,Traditional plant with specific historical uses,herb_040_khella.svg
HERB_041,Carob,Caroubier,خروب (Kharoub),ⵜⵉⵅⴻⵔⵔⵓⴱⵜ (Tikherroubt),Ceratonia siliqua,Fabaceae,Pods; seeds,Dried pods; powder; molasses,Pods traditionally used as a nourishing food; associated with digestive comfort,Eaten as snack; powder as chocolate substitute; molasses as sweetener,Given to children; sold at markets,Rif; Middle Atlas; northern Morocco,Dry hillsides; cultivated,Fall harvest,Dried pods; powder; molasses,Sweet; chocolate-like; slightly nutty,Sometimes mixed with chocolate powder,Generally safe; high in natural sugars,Traditional food and sweetener,herb_041_carob.svg
HERB_042,Jujube,Jujube,النبق (Nbeg),ⴰⵣⴳⴳⵯⴰⵔ (Azegwar),Ziziphus jujuba,Rhamnaceae,Fruit,Fresh; dried,Dried fruit traditionally considered nourishing and calming,Eaten as snack; in some preparations,Given to children; associated with strength,Gharb; Tadla; oases,Cultivated in hot areas,Fall harvest,Fresh or dried fruit,Sweet; date-like when dried,Similar to Chinese jujube,Generally safe; high sugar content,Traditional fruit with cultural importance,herb_042_jujube.svg
HERB_043,Date,Dattier,تمر (Tmar),ⵜⴰⵢⵏⵉⵜ (Tayniyt),Phoenix dactylifera,Arecaceae,Fruit,Fresh; dried,Considered nourishing and energizing in traditional practice,Eaten alone; in desserts; with milk; stuffed,Central to hospitality; religious occasions; breaking fast,Tafilalet; Draa; Zagora; oases,Oasis cultivation,Fall harvest,Fresh dates; dried dates; date paste,Intensely sweet; caramel-like; rich,Many varieties with different qualities,Generally safe; very high sugar,Central to Moroccan oasis culture and hospitality,herb_043_date.svg
HERB_044,Fig,Figuier,كرموس (Karmous),ⵜⴰⵣⴰⵔⵜ (Tazart),Ficus carica,Moraceae,Fruit,Fresh; dried,Traditionally considered nourishing; dried figs for digestive comfort,Eaten fresh or dried; in tagines,Dried figs kept as staple food,Widespread; Chefchaouen; Taounate; Ouazzane,Cultivated widely,Summer fresh; dried year-round,Fresh figs; dried figs,Sweet; jammy; seedy,Many varieties from green to purple,Generally safe; latex from unripe figs can irritate skin,Ancient cultivated fruit in Morocco,herb_044_fig.svg
HERB_045,Pomegranate,Grenadier,رمان (Rommane),ⵜⴰⵔⵓⵎⵎⴰⵏⵜ (Tarummant),Punica granatum,Lythraceae,Fruit; bark; flowers,Fresh fruit; juice; dried peel,Peel traditionally used as astringent; fruit considered strengthening,Eaten fresh; juice; in salads,Symbolic fruit; associated with blessings,Fes; Meknes; Marrakech,Cultivated in gardens and orchards,Fall harvest,Fresh fruit; dried peel; juice,Sweet-tart; complex; seedy,Many varieties from sweet to sour,Generally safe; bark preparations only under guidance,Important fruit in Moroccan gardens and symbolism,herb_045_pomegranate.svg
HERB_046,Cassia,Casse,سنا (Sana),ⵜⴰⵙⴰⵏⵏⴰ (Tasanna),Senna alexandrina,Fabaceae,Leaves; pods,Dried leaves; pods,Traditionally known as a strong laxative preparation,Not culinary,Used specifically for constipation,Imported; some in southern regions,Dry areas; imported,Year-round,Dried leaves and pods,Bitter; unpleasant,Different from cinnamon cassia,STRONG LAXATIVE: Not for regular use; causes dependency; cramping; electrolyte imbalance; avoid during pregnancy; not for children; short-term only,Powerful laxative; not for casual use,herb_046_cassia_senna.svg
HERB_047,Mastic,Mastic,مسكة (Mska),ⵜⵉⵎⴻⵙⴽⴰ (Timeska),Pistacia lentiscus,Anacardiaceae,Resin,Resin tears; powder,Traditionally chewed for oral freshness; used in preparations,Added to some pastries and drinks,Chewed as gum; in incense,Imported (from Greece); local shrub exists,Mediterranean maquis; imported resin,Year-round,Resin tears (small white pieces),Piney; fresh; slightly bitter initially then sweet,Moroccan shrub vs Greek mastic resin,Generally safe; expensive authentic mastic,Valued aromatic resin in traditional use,herb_047_mastic.svg
HERB_048,Smen,Smen (Aged Butter),سمن (Smen),ⵓⴷⵉ (Oudi),N/A (aged butter),N/A,Aged clarified butter,Aged; preserved,Traditionally considered nourishing and strengthening; given during recovery,Flavoring couscous; tagines; special dishes,Given to new mothers; elderly; those recovering,Made throughout Morocco,Made from butter,Year-round; aged months to years,Preserved butter in jars,Pungent; cheesy; complex; acquired taste,Fresh butter vs smen are very different,High in fat; aged products develop strong flavor,Traditional preserved food with cultural significance,herb_048_smen.svg
HERB_049,Honey,Miel,عسل (Asal),ⵜⴰⵎⴻⵎⵜ (Tamemt),N/A (bee product),N/A,Honey,Raw; processed,Traditionally used for general strengthening; throat comfort; wound care,Sweetener; in pastries; with bread,Central to hospitality and wellness,Ida Outanane; Souss; Rif; widespread,Beekeeping throughout Morocco,Year-round,Raw honey; various floral sources,Varies by floral source; sweet; complex,Eucalyptus; thyme; wild flower; orange blossom types,Not for infants under 1 year (botulism risk); check for adulteration,Important traditional product with many regional varieties,herb_049_honey.svg
HERB_050,Wormwood (Artemisia herba-alba),Armoise blanche,شيح (Chih),ⵉⵣⵔⵉ (Izri),Artemisia herba-alba,Asteraceae,Leaves,Dried; infusion; fumigation,Traditionally used for digestive comfort; as a bitter preparation; fumigation,Not culinary; very bitter,Burned for fumigation; in some regional practices,High Atlas; Anti-Atlas; southern steppes,Dry steppe and semi-desert,Spring and summer,Dried bundles,Intensely bitter; aromatic; camphoraceous,Different from Artemisia absinthium (shiba); both bitter but this is milder,Avoid during pregnancy; not for prolonged use; bitter herbs require moderation,Important steppe plant; different from shiba but related uses,herb_050_artemisia.svg
